,Id,Tweet
0,86607,dime que soy feo sin decirme que soy feo quico elchavo quico humor humornegro floresamarillas espectaculos
1,86608,le dije a la vida ensame a entender mi vida dame esa luz de esperanza de no ser el mismo de siempre ensame guame el resto depende de m la postal que tom hoy siguemeytesigo floresamarillas diamundialdelapoesia
2,86609,me dieron mis flores floresamarillas
3,86610,soy hombre y tambin espero mis flores amarillas floresamarillas benitojuarez saludmental earthquake ukrainerussiawar
4,86611,la primavera entr ayer pero descuida a nosotros no se nos olvidaron tus flores es ms le agregamos unas deliciosas sorpresas porque s nosotros sabamos que t sabas que algn da pasara y vendramos a buscarte con tus floresamarillas
5,86612,en ves de regalar floresamarillas invitala al encuentronacionaldeteatro organizado por antorcha el cual tendr cede en el municipio de texcoco en el estado de mxico
6,86613,muchas flores amarilla pero aj hay que ponerse vivo jaja floresamarillas
7,86614,mi mejor amiga me hizo una flor amarilla feli floresamarillas
8,86615,x cmo encontraste mi perfil si solo sabes mi nombre yo you younetflix netflixandchill netflix younetflix netflixlat diamundialdelapoesia floresamarillas
9,86616,buenas tardes solecitos ustedes que hacen les mando saludos besos y bendiciones viral fyp foryou parati floresamarillas rubia trend mexico
10,86617,se la iba a hacer y de pedo a mi amorcito por que no me haba dado mis floresamarillas pero mejor ya no quiero nada
11,86618,ella saba que l saba que algn da pasara que vendra a buscarla con sus flores amarillas flores 21demarzo floresamarillas
12,86619,21 de marzo se celebra el mushuknina festividad que indica el inicio del ao nuevo andino conexin con la naturaleza y sus ciclos por otro lado las floresamarillas son una tradicin mexicana indica el inicio de la primavera adems es una tendencia en tiktok
13,86620,para las planitas tambin sus floresamarillas floricienta
14,86621,floresamarillas me voy a dormir llorando besitos besitos besos besitos
15,86622,no entiendo eso de floresamarillas y porqu hoy me deban dar una ella tampoco pero sin embargo no quiso que me quede sin la ma y la hizo en papel la amo s la amo
16,86623,si yo no soy feliz nadie lo ser floresamarillas traicion
17,86624,bienvenida la primavera si me dieron mis flores 21demarzo2023 floresamarillas floricienta
18,86625,no se si exactamente exista el da de las floresamarillas o el significado pero me quedo con lo bonito que es llegar de trabajar y que te espere as love
19,86626,hay esperanza con los jvenes los jvenes en un maldito temblor de inconsciencia cuando hoy es diamundialdelapoesia y de benitojuarez pero pregntales y no saben floresamarillas
20,86627,el acosoescolar s existe toleranciacero con el acosador floresamarillas temblor colectivodime educa2023 crisporta21m likecrazy jisoo
21,86628,cual es la onda de la floresamarillas que me perd
22,86629,todas las que no recibimos flores amarillas floresamarillas
23,86630,y el amarillo de sol iluminaba la esquina lo senta tan cercano lo senta desde nia floresamarillas
24,86631,vino a mi trabajo a darme unas floresamarillas te amooooo mi amooor gracias por consentir a mi nia interior floricienta
25,86632,ella saba que l saba que algn da pasara que vendra a buscarla con sus flores amarillas floresamarillas floricienta se que aunque tenas poco tiempo hiciste un esfuerzo por vernos y sorprenderme con este hermoso detalle en serio gracias te amo
26,86633,mis flores amarillas floresamarillas elsalvador
27,86634,soy edgar soy florista llevo 7 aos en esto y no tena ni idea de su trend de las floresamarillas ni preparado estaba
28,86635,likecrazy is coming flores amarillas para todas las hermosas armys army bts floresamarillas floresamarillas jimin
29,86636,solo a las cachonas les dan flores amarillas v 21demarzo floresamarillas
30,86637,hoy recib floresamarillas es todo el tuit infinitas gracias
31,86638,recibieron sus floresamarillas yo si
32,86639,hay mujeres que son madres y hay mujeres que tienen hijos vuelve y lelo temblor floresamarillas diamundialdelapoesia
33,86640,y la que soporte panzonasss floresamarillas soporten
34,86641,pnganle floresamarillas de primavera al santo amlo chairos que ya viene semana santa ya que anda enojado porque la zopi lo trae como lazo de cochino con eso del embarazo de geraldine as hasta benitojuarez se volvera a morir
35,86642,sus flores amarillas llegaron floresamarillas primavera spring2023 yellowflowers
36,86643,medidas urgentes en los colegios institutos raquel tamarit un dedreto ley ya actua hijoyositecreo acosoescolar niunsuicidiomas tierradenadie3 educa2023 colectivodime docentes likecrazy floresamarillas crisporta21m
37,86644,acabo de ver a un wey comprando flores amarillas y eso me da fe en la humanidad casi al mismo nivel q me deprime cansadadeserespectador floresamarillas amorfallido
38,86645,las nicas flores amarillas que necesito floresamarillas
39,86646,presumiendo mis floresamarillas
40,86647,mis flores amarillas floresamarillas floricienta yellowflowers foryou 21marzo 21march
41,86648,siempre so con mi momento floricienta y hoy por fin pas floresamarillas
42,86649,no queramos dejar pasar el da sin desearles que hoy y siempre nunca les falten sus flores amarillas que est primavera ser el inicio de nuevos comienzos para todas miuterofeliz flores floresamarillas floricienta yellowflowers primavera equinociodeprimavera
43,86650,ese compa sabe floresamarillas
44,86651,aqui esperando mis floresamarillas
45,86652,te animas a darte un baito en el salto la paila ven a caripe estado monagas diamundialdelapoesia floresamarillas valparaiso nicolasmaduro
46,86653,de mi para mi floresamarillas
47,86654,lo nico amarillo que v hoy fue un mango que me baj por los lados del trnsito floresamarillas
48,86655,tal vez no tenga ese novio pero tengo amigos increbles que me dan detalles hermosos en un da de floresamarillas y soy muy feliz porque tengo a mi lado amigos increbles y ya aprendi a no conformarme si no a sanar
49,86656,no me da flores y se queja que sea bandida floresamarillas
50,86657,no te apures no detengas el instante del encuentro est dicho que es un hecho no la pierdas no hay derecho floricienta floresamarillas
51,86658,quin ms est esperando sus flores amarillas floresamarillas
52,86659,ya les dieron sus flores amarillas o siguen esperando floresamarillas
53,86660,soy el nico que no le enviaron las floresamarillas ni por whatsapp
54,86661,hoy no fui espectadora amigues floresamarillas
55,86662,lo que hago por vos mi amorr marzo21 floresamarillas
56,86663,todos somos prd yosoyprd unidospodemos changuinola likecrazy floresamarillas jisoo viral parati
57,86664,hoy si vi a muchos regalando flores primavera floresamarillas y yo aqu te dejo estas
58,86665,porque estn regalando flores amarillas floresamarillas
59,86666,flores amarillas duxorethey duxo floresamarillas
60,86667,me sorprende que siendo 21 de marzo nadie haya salido con flores amarillas floresamarillas 21mars
61,86668,descubre el verdadero significado del regalar floresamarillas este 21 de marzo t a quienes les regalaras dichas flores
62,86669,floresamarillas por qu se regalan flores amarillas el 21 de marzo y qu significan
63,86670,todo es mas bonito si el amor es verdadero frases undia floresamarillas
64,86671,mi gordita sorprendindome siempre floresamarillas
65,86672,existe maltrato psicolgico de docentes hacia alumnos por supuesto que existe justicia kiralopez hijoyositecreo actua tierradenadie3 temblor floresamarillas crisporta21m colectivodime educa2023 actua hijoyositecreo
66,86673,un ao ms bangtan floresamarillas birthday
67,86674,mi novio me vino a buscar con las flores amarillas floresamarillas
68,86675,yo a los 5 min de haber entrado al curro floresamarillas meme
69,86676,este ao tampoco fue jajajaja floresamarillas
70,86677,realmente no es que quiera unas flores pero bueno el ao siguiente ser floresamarillas meme genshinimapact floresamarillasmeme
71,86678,ya tengo listo tu quiote de tepextate girasoles que 21demarzo2023 floresamarillas
72,86679,weeeyyyy quin verga se acab las flores amarillas en durango jajajaja le quise mandar flores a una amiga y le llegarn rojas csm floresamarillas durango hidalgo
73,86680,si me llegaron mis floresamarillas
74,86681,me acabo de enterar porque se regalan floresamarillas hoy y no lo creo son de mis favoritas porque me encanta todo en amarillo pero en serio
75,86682,pequeo recordatorio para mi gente todo lo qu hay en tu mente es una ilusion macn floresamarillas primaverabonita
76,86683,nunca vi la serie pero la cancin es linda y apenas hace unos meses la escuch por casualidad y de ah la agregu a mi playlist el da de hoy entiendo la historia de la cancin floresamarillas primavera
77,86684,floresamarillas gracias humano que me regal hoy flores amarillas
78,86685,a mi amiga al menos le dedicaron una flor amarilla y a m ni un pan floresamarillas
79,86686,feliz da de las flores amarillas a todas las damas hinchas del bi tri campen un muy feliz da 42knacionaltuv elmediomsrojo floresamarillas
80,86687,yo esperando mis flores amarillas pero lo nico que me paso hoy fue seguir esperando algo que no va a llegar ni me va a pasar ni por error tweets twitter tweet twitterfrases tendencia siguemeytesigo parati floresamarillas
81,86688,la floristeras hoy facturaron con las flores amarillas floresamarillas
82,86689,yo ya estaba de siempre espectadora jams protagonista y sorpresa floresamarillas
83,86690,a mi ningn hombre me va amar como lo hace el la mejor flor que me han dado floresamarillas
84,86691,los pibes tambin queremos flores amarillas floresamarillas
85,86692,alguien me puede decir que es esa mamada de las floresamarillas
86,86693,oigan es cierto me faltan mis floresamarillas flowers
87,86694,y no puede evitar perderse en el mgico mundo de su mirada como un dulce encanto que envuelve y atrapa evocando un tuit de all del 2015 con foto 2023 floresamarillas
88,86695,no me jodan acabo de ver a un chico re feliz llevando un ramo de flores amarillas me desintegro floresamarillas equinoccio primavera
89,86696,por qu la tendencia de las floresamarillas tomado de la red el origen de la ms reciente tendencia de tiktok tiene relacin con la cancin flores amarillas que musicaliza la novela argentina floricienta esta tendencia refiere a que justamente en la cancin d
90,86697,cada vez son ms los ecuatorianos que se unen a la moda del amor por los animales y por tal motivo muchos sentirn simpata por alguno de estos anormales cayendo en la trampa del discursito rancio en defensa de un miserable corrupto que empuja el pas al abismo floresamarillas
91,86698,yo ya no espero floresamarillas este 21demarzo porque la ltima vez que lo hice me terminaron por telfono
92,86699,top 10 tendencias de twitter en mxico scarlett camberos none normapiarepresentaalosnarcos 12299 aifa 29872 floresamarillas none benito jurez 21949 alenosune none diamundialdelsindromededown 12731 trump 1943390 floricienta none jaiden none
93,86700,floresamarillas por quienes recuerdan a floricienta en esta fecha
94,86701,veo en redes el que ridculas las rosas amarillas etc est bien se respeta pero dejen ser felices a las parejas q crean detalles as sea el da de la espumilla o no sea nada djenlos q se entreguen detalles si les llena el alma y son felices todo vale floresamarillas
95,86702,por si no os regalaron flores amarillas aqu les dejo unas 3 floresamarillas
96,86703,por si no os regaaron sus flores amarillas aqu les dejo unas 3 floresamarillas
97,86704,ella saba que el saba que algn da pasara que l vendra a buscarla con sus flores amaaaarillaaaas floresamarillas
98,86705,fun likecrazy floresamarillas gaming con la babysaaii sean bienvenidos apoyen con el follow
99,86706,aqu casual esperando mis floresamarillas y que suceda ese milagro de verlo parado frente de mi
100,86707,chicas deje de ser espectadora floresamarillas
101,86708,verdaderamente que bonito ir caminando y ver qu a muchxs si les dieron sus floresamarillas
102,86709,la envidia no pudo ser ms bella mientras el orgullo y la humildad caminan de la mano mv art8 juanaguadalupe floresamarillas envidia lmd6 juanaguadalupe juanaguadalupedejesus fashion fashionshow
103,86710,soy una mensa hubiera ido a echarme una chela yo solita solo porque primavera benitojuarez floresamarillas jajaja
104,86711,yo viendo a todos con sus flores amarillas floresamarillas meme
105,86712,de mi para mis amigas floresamarillas
106,86713,mis flores amarillas me las envo el amor de mi vida luisaomendoza floresamarillas
107,86714,a ustedes ya les llegaron sus floresamarillas o siguen esperando como yo primavera flores amarillas
108,86715,un brindis por esos amigos que tuviste desde la juventud que te admiraban y siempre queran estr contigo lstima que hubiesen crecido y conocido el dinero floresamarillas nohayamigos amigosde
109,86716,si nadie te ha dado tus flores amarillas toma yo te las doy ten un lindo da 21demarzo floresamarillas vtubers streamers twitch felizmartesatodos
110,86717,mi mami me dio mis floresamarillas
111,86718,hasta cuando espero que te des cuenta que vos y yo nacimos para estar juntos temblor  ep1         floresamarillas
112,86719,floresamarillas lilis en botn para mi amorcito
113,86720,no es sino hasta el 2023 que me vengo a enterar que se regalan floresamarillas un 21marzo investigu y resulta que es un asunto turbio y nostlgico para las mujeres que vieron floricienta de nias
114,86721,hazla sentir amada y reglale no solo flores amarillas sino tambin un body reductor primavera floresamarillas felizmartesatodos
115,86722,que tus hermanos te den tus flores amarillas es lo ms lindo del mundo 21demarzo floresamarillas
116,86723,yo despus de decir que no me importa que no me regalen flores amarillas de ver como a tods se la estn dando y a mi ni un dulce me regalan por error tweets twitter tweet twitterfrases tendencia siguemeytesigo parati floresamarillas
117,86724,floresamarillas por ningn lado
118,86725,ya llegaron mis floresamarillas
119,86726,ella saba que l saba que algn da pasara que vendra a buscarla con sus flores amarillas floresamarillas
120,86727,teeeengan sus floresamarillas ni crean que me da envidia que a ustedes si les regalaron
121,86728,la nica floresamarillas que quiero y necesito yoongimarryme
122,86729,hdsptm como se acabaron las floresamarillas ya no alcanc
123,86730,damundialdelsindromededown diamundialdelsindromededown floresamarillas napo 21demarzo todo queda entre los narcos aos 35 claro eso es lassoguillermo y la asambleaecuador si terminan su periodo cualquiera de los dos vendra mashirafael recuerden mis palabras
124,86731,ningn ramo de manzanilla por lo menos floresamarillas
125,86732,pero ni un ramo de manzanilla floresamarillas
126,86733,inicio de la primavera floresamarillas equinoccio primavera flores floricienta maracaibo zulia girasoles tendencias2023 21demarzo2023
127,86734,las nicas flores amarilla que recib hoy fueron las hojas de manzanilla para mi peste floresamarillas
128,86735,estoy bravsima las floresamarillas son solo para mi a mi me gustan desde que tengo 15 aos haha y ahora porq es tendencia a todas solomodasiguen grrr
129,86736,espereeeen en el ecuador el equinoccio de primavera empieza el 23 de septiembre porque es el hemisferio sur pero mis floresamarillas me las enviaron hoy por una tendencia y lo que cuenta es la intencin
130,86737,si llegaron mis floresamarillas
131,86738,mi mejor amiga me di mis flores amarillas floresamarillas
132,86739,ya recibiste las tuyas las floresamarillas son tendencia este 21 de marzo
133,86740,no me las di yo pero me las dio l y tambin se las dio a jimena floresamarillas
134,86741,hoy gan tal vez sea algo obvio pero qu es so de regalar flores amarillas hoy por qu o qu floresamarillas
135,86742,les dej su flor amarilla un lindo girasol para todos los que lo estn leyendo esto floresamarillas 21marzo
136,86743,les regalo un wallpaper de florecitas amarillas floresamarillas enjoy
137,86744,las floresamarillas son por el inicio de la primavera o por otro asunto por que recin otoo
138,86745,si quieres algn detallito o regalo personalizado visita nuestra web envos desde 3 floresamarillas likecrazy jisoo supervivientes2023    
139,86746,a propsito de las flores amarillas ae frases intelectuales floresamarillas
140,86747,me dieron mis floresamarillas
141,86748,la ignorancia da frutos y son felices y ms de les das floresamarillas
142,86749,el nico qu vo pruebas es este gran informador siquerodriguez floresamarillas
143,86750,si no eres de mexico no tienes porque ser un npc y regalar flores amarillas npc floresamarillas
144,86751,protagonista por primera vez floresamarillas
145,86752,pobreza mental floresamarillas
146,86753,no entiendo lo de las floresamarillas que alguien me explique
147,86754,girasoles floresamarillas imgenes ae frases intelectuales
148,86755,que se vaya quien no se sienta afortunado de tenerte en su vida floresamarillas
149,86756,si puedes llevale unas o una flor a tu esposa novia amor todas queremos flores aunque algunas digan que no todas nos podemos comprar flores pero nada como recibir una atencin un detalle y ms si es de tu persona favorita floresamarillas
150,86757,a ver aprovechando las floresamarillas de primavera 21demarzo
151,86758,no lo duden ella est sonriendo y tambin quiere sus flores amarillas doglover smile floresamarillas
152,86759,no me pueden ver tranquila porque ya empiezan los regalitos es lindo el detalle pero de verdad preferira no tener que andar adivinando floresamarillas
153,86760,floresamarillas 21 de marzo o 21 de septiembre igual no recibir pero es la duda de lo que me dijo google jajaja
154,86761,c derechos humanos 14 919474721 641323118 l s de 9 00 a 22 00 domingos de 9 00 a 21 00 ramos centros corona empanadas flores plantas m30 floresamarillas madrid regalos margaritas tulipanes
155,86762,jajaja pngale floresamarillas de primavera y hablenle a geraldine para que le llame y se serene es 21marzo y adems el clasicomundial2023
156,86763,todos vuelven pero t ya no estars floresamarillas
157,86764,hacer lo que ms te gusta no siempre te hace feliz solo likecrazy floresamarillas
158,86765,mutis aqu tienen su flor amarilla floresamarillas
159,86766,a m me gustan mucho de esas y dentro de una quesadilla floresamarillas
160,86767,que te regalen floresamarillas y un accesorio de blingyblang primavera felizmartes 21demarzo
161,86768,quitenle el casi no y descubrirn la tremenda bronca con todo y sus pastillas y floresamarillas 21marzo
162,86769,tendencia a raz de la tendencia que surgi en tiktok en el 2022 y con la llegada de la primavera regalar floresamarillas el 21 de marzo se est convirtiendo en una tradicin la tendencia surgi de una cancin de una telenovela argentina
163,86770,me da risa que el proveedor de mi mami le dijo no seora ya se acabaron las floresamarillas estos nios de ahora hicieron esa babosada ya da de mercadotecnia y ventas
164,86771,feliz ostara feliz primavera feliz equinoccio feliz temporada aries que todo lo que sea puro y desees con el corazn se manifieste en tu vida siempre desde el amor alejado de todo sufrimiento as sea floresamarillas springishere ostara
165,86772,mi flow es nico matiasgarciard showcarlosduran temblor  ep1 likecrazy afganistan    floresamarillas      jisoo
166,86773,eso ocurri en el parque de dajabn frente a utesa eso dos haitianos dndose amor haitham haitians haiti hait afganistan likecrazy jisoo floresamarillas haitiano
167,86774,mobilelegends likecrazy floresamarillas estoy en vivo en twitch ven a pasar el rato
168,86775,probablemente no haya nada en la naturaleza humana ms resonante que el flujo de energa entre dos cuerpos biolgicamente similares uno de los cuales ha estado en una dicha amnitica dentro del otro uno de los cuales ha trabajado para dar a luz al otro floresamarillas jisoo
169,86776,wey que triste que tenga que ser un da especial para que al desinteresado de tu bato te regale floresamarillas
170,86777,ya regalaron sus flores amarillas floresamarillas
171,86778,el amor floresamarillas 21mar amordemadre firstdates21m
172,86779,21 de marzo y yo emocionada con mis floresamarillas noloentenderas
173,86780,que carajos es esto gente es la zapatilla ms rara que vi floresamarillas
174,86781,ya les dieron sus floresamarillas
175,86782,las mas floresamarillas
176,86783,jajajaj intento de dibujo para el licenciado jajajaj aqu humildemente flowerforquackity flower floresamarillas
177,86784,a mi no me metan en los que yo no quiero tener problemas floresamarillas
178,86785,cada detalle cuenta floresamarillas
179,86786,no mamen se acabaron las floresamarillas en mi pueblo ta cabron
180,86787,tendencia ya regalaste flores amarillas an hay tiempo entrate aqu por qu dar este lindo detalle floricienta floresamarillas 104 5fm galowenriquez1
181,86788,ya lo pens bien no quiero flores amarillas quiero un terreno floresamarillas
182,86789,dicen floresamarillas y automticamente pienso en floricienta aaaaaaamo wey
183,86790,ya te dieron tus flores amarillas da del nowruz equinoccio de primavera todo invierno tiene su fin da 21 es haciendo alusin al 21 de marzo que es el da que llega el equinoccio de primavera en el hemisferio norte 21marzo2023 primavera equinoccio floresamarillas
184,86791,servicio de mantenimiento contacta con nosotros a nuestros nmeros 417 177 1508 417 177 8566 4171724129  floresamarillas anuncio promocion trabajo seguridad camarasespias
185,86792,mi vida mejor cuando encontr a un hombre que sabe que el mnimo esfuerzo no es suficiente floresamarillas
186,86793,manifestando mis floresamarillas
187,86794,cuando me enter que las floresamarillas tambin son un smbolo de arrepentimiento por traicin empec a ver todo distinto con personas que presuman darlas y mgicamente su relacin vala verga a la semana
188,86795,les dieron flores amarillas floresamarillas
189,86796,uyyy alguien quiere hacer puntos floresamarillas floricienta
190,86797,floresamarillas ni qn vrg las quiera alchhh
191,86798,floresamarillas mi nico deseo es que a todas nos quieran bonito floresamarillas flores primavera
192,86799,flores amarillas yo prefiero unos rosones floresamarillas
193,86800,nada mejor que una buena flor de un buen cultivo weedlovers green smokefree floresamarillas
194,86801,la mam de geraldine ponce tiene sendos salarios y compensaciones desde que la joven poltica lleg a cargos pblicos para quienes no lo crean ah est la nmina y las evidencias con todo y floresamarillas 21marzo
195,86802,hay amor en el aire y unas cuentas flores amarillas floresamarillas
196,86803,no me la van a creer juansguarnizo floresamarillas
197,86804,ustedes borran las fotos de instagram o las archivan floresamarillas
198,86805,un rbol podra sentirse vencido en pleno otoo pero volver a abrir sus hojas en primavera nuncaterindas floresamarillas reflexion motivacion psicologa motivationalquotes btc
199,86806,messi feliz da yo si te regalo las flores que quieras floresamarillas
200,86807,tuve fe floresamarillas
201,86808,todos hablando de las flores amarillas y mi hijo vio estas flores y agarro una y me la dio floresamarillas
202,86809,a mi si me dieron mis flores amarillas floresamarillas flowers ellasabia amor girasol
203,86810,las uas de las bestias isabellojo nftsale polygon nft nftgiveaways nftcommunity nftcollectors nftphotography nfts floresamarillas opensea
204,86811,jajaja que sad ni manzanilla floresamarillas
205,86812,para los que no recibieron sus flores amarillas 3 floresamarillas draw dibujodigital dibujo uwu
206,86813,yo nadie se acord de darme flores amarillas floresamarillas mi amiga
207,86814,no se porque ac andan dando flores amarillas no era para el hemisferio norte eso floresamarillas
208,86815,entonces las floresamarillas son por floricienta
209,86816,para todas las que no recibieron sus floresamarillas les ando un bello girasol 21demarzo
210,86817,por si aun no les regalan sus flores amarillas floresamarillas dibujodigital rubypollito
211,86818,y tu ya recibiste tus floresamarillas va esimagen tlax
212,86819,me dijo que se le perdi la cartera y bajo a buscarla en realidad sali a comprar esto no soporte y llor floresamarillas
213,86820,me dibuje mis propias floresamarillas
214,86821,da de flores amarillas pero mis tulipanes no podan faltar floresamarillas
215,86822,ella saba que l saba que algn da pasara que vendra a buscarla con sus flores amarillas camila cabello camilaaccess floresamarillas 21marzo
216,86823,hoy no fui espectadora fui protagonista floresamarillas yoonginista
217,86824,y si les llegaron con las soadas floresamarillas que mencionada floricienta
218,86825,ni se de donde sali lo de las floresamarillas pero yo tambin quiero
219,86826,dijo y me rompi el corazn jajajaja floresamarillas
220,86827,l la estaba esperando con una flor amarilla ella lo estaba soando con la luz en su pupila y el amarillo de sol iluminaba la esquina 21demarzo floresamarillas
221,86828,la ms feliz combinando con mis floresamarillas primavera
222,86829,flores amarillas floresamarillas primavera 21demarzo
223,86830,por si alguien no te a dado tus flores amarillas flores 21marzo 21demarzo floresamarillas kai kaininjago
224,86831,no te pude dar flores amarillas pero al rato te doy unos rosones frases que enamoran floresamarillas
225,86832,ella saba que el saba floresamarillas 21marzo 21m
226,86833,y mis floresamarillas
227,86834,entrate las floresamarillas son una tendencia en redes sociales descubre por qu leer ms
228,86835,villacoapa tiene abierta sus puertas para todos floresamarillas temblor earthquake
229,86836,busque en 4 floreras diferentes pero vali la pena verla tan feliz con sus floresamarillas
230,86837,dios mi hermano me regalo mis flores amarillas y amo demasiado dios son perfectas y me encanta todo ihhhhhhh lo amo es hermoso fenix floresamarillas marcoelfenix
231,86838,obvio las voy a presumir porque tengo el novio ms hermoso floresamarillas floricienta
232,86839,hoy es 21 de marzo da de floresamarillas
233,86840,mis propias flores amarillas floresamarillas floricienta nos dejo con la ilusin de que algn da alguien nos diera nuestras flores amarillas
234,86841,querido diario hoy me compr mis flores amarillas floresamarillas
235,86842,por si no te dieron floresamarillas aqu te ofresco unas feliz da
236,86843,aqu est tu flor amarilla floresamarillas
237,86844,que este inicio de la primavera traiga la mejor de las vibras para ti primavera equinoccio floresnaturales floresamarillas cdmx amarillo bali
238,86845,floresamarillas a las feas a las bonitas unas rosadas
239,86846,por si nadie te llevo tus flores amarillas floresamarillas
240,86847,mereces un campo de floresamarillas primavera
241,86848,ella saba que l saba que algn da pasara que vendra a buscarla con sus flores amarillas 21demarzo primavera floresamarillas floricienta
242,86849,son las cosas pequeas las que me recuerdan porque me enamor de ti floresamarillas
243,86850,y mis flores amarillas floresamarillas
244,86851,no que muy i can buy myself flowers y hoy andan chingue y chingue con sus floresamarillas
245,86852,me encandil el sol primavera floresamarillas
246,86853,y mi cogollo digo mi flor amarilla floresamarillas
247,86854,si es un sueo no me despierten floresamarillas
248,86855,ests como floricienta todos esperando sus flores amarillas algn da pasara vendra a buscarla con sus flores amarillas ya recibiste las tuyas noticia y entretenimiento en floresamarillas 21demarzo radiofuego
249,86856,una lavadita y para mi mejor amiga este 21 de marzo floresamarillas
250,86857,alguien que me explique eso de las flores amarillas no entiendo nadaaa floresamarillas
251,86858,21 de marzo floresamarillas
252,86859,dibujo rapido por el dia de hoy en realidad no me gustan las flores asi que puse mi favorita en amarillo hace rato no hacia algo para mi floresamarillas
253,86860,a mi no me regalen floresamarillas ya lo dijo divisin minscula no puedo prometerte un por siempre ni siquiera s si puedo un hoy en sognare bro i really feel that
254,86861,plebes si me dieron mis floresamarillas voy a llorar
255,86862,qu onda con lo de las flores amarillas quealguienmeexplique floresamarillas
256,86863,y si hoy 21 de marzo vuelve a ser tendencia floricienta y floresamarillas todos los que saben las razones les recomendamos visitar nuestro sitio web
257,86864,si an no regalan floresamarillas en este 21 de marzo pueden cortarlas de la plantacin en el colegio municipio de tarmbaro donde el seor eladio vzquez vende hermosos girasoles va margarita arreola notitrece
258,86865,hoy tambin me faltaron las floresamarillas pero no la poesa porque escribir saca las miserias de esta vida ma quisiera una flor solo si viene de un buen amor quisiera mil letras escribir y escupir los males de m da igual el da pero hoy que brille la poesia
259,86866,el novio ya nos dio flores amarillas y nimede mi amor toca soportar floresamarillas
260,86867,no llegaron las floresamarillas hoy 21demarzo primavera
261,86868,la cdmx est llena de lugares sorprendentes para visitar adems de personajes como chabelo y martha debayle comenta cul ser tu prxima aventura toyota polanco avanza floresamarillas worldbaseballclassic felizmartes
262,86869,listo con las floresamarillas
263,86870,porque esperar flores amarillas de alguien hoy el unico amor para toda tu vida eres tu misma ve compralas para ti o robalas de algun jardin 21marzo floresamarillas loveyourself
264,86871,el verdadero ramo de flores amarillas q necesitas floresamarillas
265,86872,no te olvides que la vida casi nunca est dormida floresamarillas
266,86873,en cuestiones de soportar mi yo de 12 aos no est soportando con tanta felicidad floresamarillas
267,86874,me puse a pensar es 21 de marzo y no tengo quien me mande mis flores amarillas pero en retrospectiva el ao pasado si tena quien me mandara e igual no recib floresamarillas
268,86875,holis linda personita te regalos unas hermosas flores amarrilas el dia de hoy puedes darle un vistazo aca al speedpaint vtuber floresamarillas floricienta dibujo art drawings
269,86876,tlaxcala floresamarillas lo sabas cada 21 de marzo las parejas se regalan flores amarillas como significado de que la persona que las obsequia quiere estar toda la vida junto a esa persona ms informacin y galera
270,86877,ai mis nios floresamarillas marzo21
271,86878,por qu floresamarillas y floricienta son tendencia
272,86879,floricienta es tendencia en redes sociales por su recordada cancin floresamarillas y por el inicio de la primavera las personas acostumbran a regalar dichas plantas rrss floricienta primavera fl2001
273,86880,la bicha de la abc acaba de decir que el rollo de las floresamarillas es por floricienta alv el equinoccio
274,86881,mi amigo me regalo una flor amarilla floresamarillas
275,86882,no te olvides que la vida casi nunca est dormida floresamarillas
276,86883,el verdadero da de dar flores amarillas es el 21 de septiembre fecha en q comienza la primavera en argentina pas donde inicio la tradicin ya dar flores amarillas el 21 de marzo es invento de los mexicanos ah van a disculpar jajaja floricienta floresamarillas
277,86884,a las que les regalaron floresamarillas hoy solo pase a decir que
278,86885,ella saba que l saba que algn da pasara que vendra a buscarla con sus flores amarillas floresamarillas
279,86886,ok ahora con lo de las flores amarillas me doy cuenta de lo solo que estoy tt floresamarillas primavera lgbt lloro
280,86887,el gobierno de gustavo petro es aterrador si no escucha este episodio del podcast libertad universal aterrador gobierno de petro floresamarillas colombiavamal colombiavabien colombia colombiapotenciamundialdelavida temblor messi
281,86888,soy la ms feliz del mundo floresamarillas
282,86889,floresamarillas paso de 38 a 7
283,86890,construye tu futuro en este paraso tenemos terrenos de inversin tenemos facilidades de pago para ti contctanos 954 129 9488 y 954 125 1588 beach playa puertoescondido inversin invertir futuro mar sea paraso floresamarillas
284,86891,para los que no les lleg su flor tranquilos aqu estoy para ayudar primavera floresamarillas
285,86892,check out la vecina de las flores s video tiktok floresamarillas flores amarillas
286,86893,iba pasando frente al colegio nacional y un chico de entre 14 15 aos iba con un ramo de floresamarillas y la sonrisa mas feliz que vi en mi vida piba e cuidalo o vamos todos a tu casa
287,86894,ellas saban que ellos saban que algn da llegaran con sus flores amarillas morelianas se pasean en el primer cuadro de la ciudad con sus ramos de flores amarillas morelia floresamarillas
288,86895,floresamarillas paso de 38 a 8
289,86896,hola twitter no hay floresamarillas porque nicaragua la nica primavera que tiene es el barrio la primavera bai
290,86897,estoy esperando a que mi viejo llegue de trabajar para darle este detalle las mujeres tambin podemos floresamarillas
291,86898,quedar floresamarillas
292,86899,aqu esperando que me traigan mis floresamarillas
293,86900,acabo de ver a una chica en la universidad con sus flores amarillas exijo las mas aunque no tengo a quien exigirle xd floresamarillas
294,86901,el libro perfecto para regalar con unas floresamarillas
295,86902,no te olvides que la vida casi nunca est dormida floresamarillas
296,86903,solo la unidad de los partidos de la oposicin sacan a luis abinader de no repetir 4 ms vamos a ver si se mantiene el acuerdo entre hipolito meja y danilo medina para no dejar que leonel fernndez vuelva al gobierno temblor earthquakes floresamarillas
297,86904,les deseo flores amarillas todo el ao no solo hoy floresamarillas
298,86905,chaaa un ao ms siendo espectadora y no protagonista fail floresamarillas jajaja te falle floricienta jaja
299,86906,feliz feliz porque me regalaron las flores amarillas floresamarillas simellegaron
300,86907,la vida es como una montaa rusa hoy puedes estar muy arriba y maana abajo pero existe un cinturn que nos sujeta de lo malo que nos podra suceder as que nunca tener miedo no darse por vencidos floresamarillas pazyequidad peru fyp likecrazy
301,86908,no me llegan mis floresamarillas
302,86909,como chingan con sus floresamarillas
303,86910,21 de marzo el da de recibir flores amarillas es la primera que recibo en toda mi vida siempre llega alguien mejor a tu vida floresamarillas floricienta love parejas
304,86911,me hace feliz que les regalen floresamarillas a las favoritas de dios hombres de alto valor
305,86912,las puestas de sol son la prueba de que los finales tambin pueden ser bonitos floresamarillas likecrazy
306,86913,amo este tipo de sorpresas floresamarillas
307,86914,yo esperando mis floresamarillas
308,86915,no soy de regalar rosas pero se siente bien ms cuando es par alguien que quieres mucho marzo21 floresamarillas
309,86916,este ao no fui espectadora me llevaron floresamarillas a la universidad
310,86917,mi mejor amigo me dio mis floresamarillas
311,86918,wario te ofrece unas flores amarillas que haces floresamarillas wario nintendo
312,86919,chica quisiese pero no pudiese mi carterese no me lo permitiese floresamarillas 21marzo 21marzo2023 benitojuarez graciasbeni tammy likecrazy
313,86920,llegaron mis floresamarillas
314,86921,trabajo a 1 cuadra de una preparatoria y acabo de ver a 4 morros con ramos de floresamarillas no se el contexto pero aqu siendo expectadora
315,86922,ella saba que l saba que algn da pasara que vendra a buscarla con sus flores amarillas sakuraharuno primavera floresamarillas fanart sakura haruno sasusaku
316,86923,vaya hermosa aqu est tu floresamarillas de la que tanto me estabas hablando el da de ayer
317,86924,feliz da internacional del sndrome de down     earthquake valparaiso dolar floresamarillas diamundialdelapoesia madurogolpealoscorruptos
318,86925,yo no necesito floresamarillas yo necesito un cartn de pacificomx tambin son amarillas
319,86926,a mi no me den floresamarillas a mi denme unos tacos y una cocacola porfa
320,86927,entre lenovo acer y hp que computador es mejor floresamarillas martes
321,86928,flores amarillas floresamarillas 21demarzo
322,86929,pa todas las viejas chulas de mi tl floresamarillas primavera
323,86930,21 de marzo imagen captada desde el centro histrico de xela ya recibiste tus flores amarillas floresamarillas la voz de xela anyeli meja
324,86931,ests como floricienta todos esperando sus flores amarillas algn da pasara vendra a buscarla con sus flores amarillas ya recibiste las tuyas floresamarillas 21demarzo
325,86932,esta bien que quieran sus floresamarillas pero prcticamente ya las estn rogando
326,86933,aqu no pas nada palomitas xd floresamarillas goose gooseduck duck maple goosegooseduck gamer gamergirl juegos pato2023 videojuegos moviles multijugador
327,86934,floresamarillas no estudies nicamente para pasar los exmenes estudia para que un pueblo nunca le falte el agua potable desde lo hidrulico estudia para que un edificio sea el hogar seguro de muchas familias
328,86935,contexto de las floresamarillas
329,86936,si eres alrgicx tomate una loratadina o que se yo floresamarillas 21demarzo
330,86937,hoy todos esperando sus floresamarillas y lo que deberan esperar es un viajecito si van a regalar uno hganlo con aerolneas confiables como aeromexico porque con eso de la temporada alta ya no se sabe
331,86938,yo el ao pasado ayyy que bonito que a las argentinas les regalen floresamarillas el 21demarzo lit yo un ao despus
332,86939,a pesar de la distancia mi novio se esforz para que yo recibiera mi flor amarilla te amo amor hector rmz04 floresamarillas
333,86940,y encontr la flor ms grande letrasbonitas letrasdeescritos frasesdeamor letrasenflores floresamarillas
334,86941,no me la regalaron pero se la robe a mi amiga d floresamarillas
335,86942,un dibujo sencillito unas flores amarillas para mitsuri por la primavera con mucho amor iguroobanai mitsurikanroji floresamarillas kimetsunoyaiba demonslayer mitsuigu   
336,86943,clsicos de primavera primavera mexico floresamarillas diamundialdelapoesia vieta
337,86944,como lo amoooo floresamarillas
338,86945,muchas floresamarillas para las que no tuvieron hoy las suyas
339,86946,echa un vistazo al vdeo de catalina giuffra tiktok floresamarillas
340,86947,no puedo mas con esto aun estando a 12 000km se distancia me envio flores 21demarzo floresamarillas
341,86948,no me regalan flores ni en mi cumpleaos qu chingados me van a andar mandando floresamarillas hoy 21demarzo
342,86949,no se que es lo de las flores amarillas pero quiero unas floresamarillas
343,86950,chiflando a mi flaquita preciosa con sus floresamarillas
344,86951,datocurioso en esta fecha las mujeres esperan sus flores amarillas te contamos su significado y cual es el origen de esta nueva tradicin cumple su sueo floresamarillas primavera floricienta
345,86952,de m para m floresamarillas
346,86953,ella saba que l saba que algn da pasara que vendra a buscarla con sus flores amarillas floresamarillas
347,86954,yo la ms feliz con mis flores amarillas justo el da que cumplimos mes floresamarillas
348,86955,ella saba que l saba que algn da pasara que vendra a buscarla con sus floresamarillas no te apures no detengas el instante del encuentro est dicho que es un hecho no la pierdas no hay derecho no te olvides que la vida casi nunca est dormida
349,86956,ahi esta su huevada por el da de floresamarillas cachudas investigacin mt
350,86957,elfinanciero supremacorte marthadebayle fentanilo galilea santiagogimenez floresamarillas ultimahora ultimasnoticias ultimominuto son unos hipcritas esto les dijo el presidente amlo a ministros de la scjncorrupta por desplegado
351,86958,para ti preciosa floresamarillas floricienta anuel 21demarzo
352,86959,ella sabia que el sabia que algn da pasara a buscarla con sus flores amarillas floresamarillas 21marzo davigle93
353,86960,como cuando te gustan demasiado las plantas dolar valparaiso floresamarillas diamundialdelapoesia likecrazy gfvip
354,86961,ella saba que l saba que algn da pasara que vendra a buscarla con sus flores amarillas 21demarzo floresamarillas
355,86962,creo que mis floresamarillas se perdieron en el camino porque otra vez no han llegado
356,86963,me regalaron mi flor amarilla floresamarillas
357,86964,tuve que salirme de la oficina porque mi hijo me pidi que le llevar dos ramos de floresamarillas misin cumplida
358,86965,amp no lo olviden cada flor es un sancho floresamarillas cha chau 21demarzo
359,86966,ya que estamos con el tema de la floresamarillas les dejo mi foto en la muestra de van gogh regalen sus flores amarillas
360,86967,floricienta influye favorablemente a floreras de pozarica floricienta floresamarillas floresamarillas xalapa veracruz y t ya tienes las tuyas recuerda apoyar al comercio local ms informacin
361,86968,paren porfavoooor que me derrito de amor amor entre hermanas floresamarillas
362,86969,ok ya entend floresamarillas
363,86970,y s me siento afortunada floresamarillas
364,86971,ya les dieron sus flores amarillas no que inconsciencia toma una florecita papi diamundialdelapoesia floresamarillas
365,86972,monagas es la prctica de turismo extremo conoce donde puedes practicar canyoning y disfrutar una estupenda cascada nicolasmaduro delcyrodriguezv gfvip floresamarillas diamundialdelapoesia chavezhechomillones monagas
366,86973,otro ao sin poder cantar ella saba que l saba que algn da pasara que vendra a buscarla con sus flores amarillas floresamarillas
367,86974,ella la ms creda la ms floricienta floresamarillas
368,86975,y se olvidaron de sus flores amarillas supersadly floresamarillas aypaluego
369,86976,por si an ests esperando tus floresamarillas te regal esta
370,86977,alenosune con algo ms que floresamarillas tiene todo lo que se necesita para afrontar el edomex y sus problemticas
371,86978,alenosune en esta primavera sus propuestas marcarn al edomex as como este da el gusto por las floresamarillas
372,86979,floresamarillas la tendencia en tik tok obsequiar flores amarillas un significado positivo de acuerdo a la tradicin regalar flores amarillas en el inicio de la primavera tiene un significado muy especial es darle la bienvenida a una nueva etapa llena de prosperidad
373,86980,flores amarillas para don tripitas roiereal roier floresamarillas necesitodinero
374,86981,ella saba que l saba que algn da pasara que vendra a buscarla con sus flores amarillas 21demarzo floresamarillas
375,86982,yo si quera mi amor pero mejor vamos a comer y as cuidamos las flores floresamarillas
376,86983,amigo tu si le sabes a la vida flowers floresamarillas 21demarzo
377,86984,llego el da de tener globitos en mi twitter hbdtome hbd march21st 21demarzo fc diamundialdelapoesa floresamarillas
378,86985,que bonitas y felices se ven con sus flores amarillas que las consientan hoy y siempre floresamarillas 21demarzo 21m
379,86986,flores amarillas no jersey amarilla s tigres futbol vs floresamarillas
380,86987,el da 21 de marzo marca el inicio de la primavera en el hemisferio norte del planeta y con l se ha creado desde hace unos pocos aos una curiosa tradicin regalar flores amarillas a la persona que ms quieres lo sabas floresamarillas
381,86988,le di un especial regalo ami mam floresamarillas 21demarzo
382,86989,necesito contexto de eso de las flores amarillas floresamarillas
383,86990,para ti que manifestaste tus flores amarillas 21marzo floresamarillas
384,86991,qu hay hoy y por qu las peladas color guatallarin piden flores amarillas una mata de ruda o 10 centavos de yerbita te puedo regalar baby floresamarillas
385,86992,saban que las floresamarillas tambin significan arrepiento por infidelidad aguas eh
386,86993,si las recib floresamarillas
387,86994,las amo muchisimooo floresamarillas
388,86995,si en este da nos une el gusto por las floresamarillas alenosune con su registro por la gubernatura alejandradmv felicidades
389,86996,se cancela sentirme miserable hoy es el da mundial de la poesa el da es bonito y me regalaron floresamarillas
390,86997,ella la estaba esperando con una flor amarilla floresamarillas
391,86998,las floresamarillas contrastan con el azul que porta alejandradmv en esta foto demostrando que alenosune
392,86999,hoy es un buen da para escuchar este himno floresamarillas
393,87000,no sern floresamarillas las que adornan tu blusa son rosas cmo el color del ieem mx alenosune
394,87001,y yo pensando que hoy nadie me dara una flor amarilla floresamarillas
395,87002,decirte que me brillan los ojos cuando te veo se queda corto t haces que me brille el alma ojos brillas girasoles floresamarillas
396,87003,me han mandado las primeras flores amarillas en mi vida siento que ya gan vean que lindos mensajes floresamarillas
397,87004,si su amigo no les regala sus floresamarillas ah no es
398,87005,esperando floresamarillas con la fe hasta el ltimo minuto jajaja
399,87006,preguntadelda que significa lo de las flores amarillas floresamarillas
400,87007,es un da especial en mxico pero este hombre lo hizo especial tambin en per ti amu floresamarillas
401,87008,soy la nica que piensa que lo mejor de este da adems de floresamarillas es que alejandradmv tenga su registro ante el ieem alenosune
402,87009,tendencias compartimos el significado de regalar floresamarillas este 21 de marzo
403,87010,alenosune as como nuestro amor a la primavera con floresamarillas
404,87011,yo no me compr floresamarillas hoy pq las estn dando caras y yo puedo esperar hasta maana
405,87012,army feliz 21 de marzo para ti las ms hermosas flores amarillas floresamarillas
406,87013,ando esperando mi pc amarilla con 1 de probabilidades pero 99 de fe o por lo menos las flores floresamarillas 21demarzo pcgaming gamergirl primavera
407,87014,como las floresamarillas alenosune
408,87015,espero que hoy te den tus flores amarillas pero si no es as y las quieres cmpratela t no te quedes con las ganas y te juro que las vas amar igual o ms amate tanto que cuando otro te ame no te sorprenda floresamarillas
409,87016,floresamarillas hoy soy protagonista
410,87017,ten preciosa tus flores amarillas floresamarillas 21demarzo
411,87018,dej de ser espectadora llegaron las floresamarillas
412,87019,si no me das flores amarillas dame unas rosadas floresamarillas
413,87020,yo quiero algo que me dure para siempre y pueda salir sin taparlo primavera floresamarillas lasertattooremoval
414,87021,gracias mi amor 21marzo floresamarillas
415,87022,cuntas esperando que les regalen hoy sus floresamarillas floricienta
416,87023,flores amarillas benitojuarez dolar diamundialdelapoesia johnwick4 likecrazy florbols 21demarzo floresamarillas
417,87024,ms feliz que 100 felices porque me regalaron mis floresamarillas que llevo esperando desde nia mi nia interna baila de felicidad
418,87025,mi alumna ya gan floresamarillas primavera
419,87026,qu pedo traen con las flores amarillas que es o que alguien me puede explicar floresamarillas
420,87027,hoy es da de floresamarillas
421,87028,toda la vida creyendo que dannapaola cantaba floresamarillas y no que es una tal florecienta
422,87029,cada 21 de marzo miles de personas regalan floresamarillas a sus seres amados por una peculiar razn
423,87030,si me dieron mis flores amarillas y yo soy la ms feliz floresamarillas 21demarzo primavera
424,87031,la felicidad floresamarillas
425,87032,que bonito lo bonito floresamarillas
426,87033,yo chingue y chingue que quiero flores amarillas y lo ms probable que me den es una puteada de tanto romper los huevos floresamarillas otoo2023
427,87034,mi guapo ya me dio mis flores amarillas floresamarillas flower amarillo 21demarzo
428,87035,floresamarillas en hotelcastell bonito martes
429,87036,si me di flores amarilla 21demarzo floresamarillas
430,87037,feliz da floresamarillas ojal nos lleguen flores este 21
431,87038,siempre flores felizmartes primavera floresamarillas
432,87039,l la estaba esperando con una flor amarilla ella lo estaba soando con la luz en su pupila y el amarillo de sol iluminaba la esquina lo senta tan cercano floresamarillas
433,87040,qu significa regalar floresamarillas este 21 de marzo este es un recordatorio para enviar flores a tu persona especial
434,87041,floresamarillas para la mujer ms hermosa del mundo mi mamita
435,87042,mi mejor amiga ya me dio mi flor amarilla floresamarillas 21demarzo
436,87043,quin ya tiene sus floresamarillas
437,87044,le hice estas floresamarillas a mi novia hermosa
438,87045,ella sabia que l que algn da pasara que vendra a buscarla con sus flores amarillas ocart floresamarillas spring oc sketchart
439,87046,yo si recib mis flores amarillas y ustedes floresamarillas flowers
440,87047,toda cachuda pide flores amarillas hoy floresamarillas
441,87048,deseo que les lleguen sus floresamarillas sino de cualquier color pero que les lleguen muchas muchas flores se las merecen preciosuras
442,87049,esperando mi flor amarilla floresamarillas floricienta
443,87050,acabo de ver a un chico en bicicleta llevando un ramo de flores amarillas jajaja quien pudiera floresamarillas 21demarzo
444,87051,no tena que ser una fecha especial yo siempre tena tus flores amarillas para ti floresamarillas 21demarzo aries
445,87052,floresamarillas y ah estn los bsicos yo me quedo con las azules
446,87053,no s que onda con las floresamarillas pero yo tambin quiero cansada de ser espectadora
447,87054,todos los de la poca de floricienta hoy floresamarillas floricienta
448,87055,hoy es 21 de marzo si nadie les ha dado an sus flores amarillas aqu tienen les quiero uvu floresamarillas
449,87056,feliz 21 de marzo army para ti las mas hermosas flores amarillas floresamarillas
450,87057,ella saba floresamarillas floricienta
451,87058,chica si an no te han obsequiado tus flores amarillas ten toma estas son para ti nomas por bonita floresamarillas flores
452,87059,ella saba que l saba que algn da pasara que vendra a buscarla con sus flores amarillas 21demarzo floresamarillas
453,87060,espero y le gusten floresamarillas
454,87061,de teus para una persona especial etiqueta en los comentarios a la persona que le quieras enviar unas floresamarillas
455,87062,ella saba que l saba que algn da pasara que vendra a buscarla con sus flores amarillas 21demarzo floresamarillas floricienta
456,87063,si me dieron floresamarillas el 21 de marzo y una taza de caf al despertar me derrito de amor
457,87064,alguien me hizo mi da floresamarillas 21demarzo primavera
458,87065,para ti floresamarillas vangogh arte vioncent vincentvangogh
459,87066,no soy de flores yo aqu pongo las reglas flower floresamarillas
460,87067,no ando soportando floresamarillas
461,87068,y mis floresamarillas
462,87069,ser q nos llegan flores amarillas hoy floresamarillas
463,87070,feliz 21 es nuestra song antes de tiktok floresamarillas
464,87071,ella saba que l saba que algn da pasara que vendra a buscarla con sus flores amarillas 21demarzo floresamarillas floricienta primavera
465,87072,flores amarillas contexto floresamarillas primavera 21marzo
466,87073,mi crush viste lo de las floresamarillas yo teus
467,87074,floresamarillas love girasol mi novio me dio mis flores amarillas
468,87075,sueo cumplido viral2023 floresamarillas
469,87076,se logr floresamarillas floricienta 21demarzo primavera
470,87077,lo ms hermoso de la naturaleza comienza a florecer equinocciodeprimavera floresamarillas 21demarzo2023 felizmartesatodos feliziniciodeprimavera
471,87078,arreglo para mi hija espero le gusten floresamarillas
472,87079,quien es ese hooombreeeee floresamarillas oriibrescia
473,87080,21 de marzo no se olviden q hoy es el da de regalar flores amarillas 21marzo floresamarillas floricienta
474,87081,a propsito de hoy y las flores amarillas floresamarillas 21demarzo
475,87082,a quin ya le regalaron sus floresamarillas
476,87083,y si me regalaron flores amarillas y mi flor favorita de verdad gracias universo por esa personita floresamarillas
477,87084,ya tengo mis flores amarillas y ustedes floresamarillas
478,87085,listo el ramo de floresamarillas para tu pareja aqu te decimos la razn de regalarlas el 21demarzo
479,87086,para ustedes mis amores floresamarillas 21marzo
480,87087,se logro floresamarillas 21demarzo
481,87088,si les llegaron sus floresamarillas
482,87089,no esperen menos luchll te amo floresamarillas floricienta
483,87090,jajajajjja mor floresamarillas
484,87091,ya les dieron sus flores amarillas una oyente del club de los madrugadores fue protagonista esta vez floresamarillas
485,87092,no sabemos ni qu pedo del por qu se regalan flores amarillas hoy pero hicimos que a la nia que le gusta a mi primo le llegaran sus flores amarillas flowers floresamarillas
486,87093,por si an no les dan sus flores amarillas este 21 de marzo les deseo un hermoso da 21demarzo flores floresamarillas yellowowers ramobuchon
487,87094,les traigo su flor amarilla por si su bueno para nada no les dio floresamarillas
488,87095,mi mejor amiga si entendi las indirectas del 21 de marzo mi complejo de floricienta fue sanado hoy te amo meliiiii floricienta floresamarillas 21demarzo
489,87096,21 de marzo floresamarillas
490,87097,hoy es da de floresamarillas por
491,87098,para que un novio si para eso estn las amigas floresamarillas 21demarzo
492,87099,yo amo el trend de floresamarillas de floricienta la neta es bien bonito que te regalen flores
493,87100,a m no me den floresamarillas con una entrada a la pelea de sal chiquito beb mi amor canelo lvarez me conformo
494,87101,y como es tu amiga floresamarillas
495,87102,gente si un vato les da las flores amarillas no le crean lo sacaron de facebook es ms ni saben qu significa floresamarillas flores amarillas 21demarzo
496,87103,yo hoy viendo como a todos les dan flores amarillas menos a m floresamarillas
497,87104,es hoy es hoy sabes por qu se dan floresamarillas hoy
498,87105,ella saba que l saba que algn da pasara que vendra a buscarla con sus floresamarillas
499,87106,este 21 de marzo se celebra el equinoccio de primavera en el hemisferio norte y lo reconocemos con una flor amarilla importante para la alimentacin animal ya conocan a arachis pintoi dnab 21demarzo primavera forraje cacahuatilloforrajero floresamarillas pyaf
500,87107,nunca me han gustado las flores ya que mi madre deca que las flores solo se dan cuando ya estamos bien muertos jajajaj floresamarillas
501,87108,me compre y le compre flores amarillas a mis amigas nohombres floresamarillas floricienta
502,87109,ya lo pens bien no quiero floresamarillas quiero ir al concierto de lassomusica
503,87110,todas hoy 21 de marzo segunos barriolocoshow floresamarillas floresamarillas primavera 21demarzo flordemonte flor flordezacate
504,87111,una vez le regale floresamarillas un 21 de marzo y en lugar de un gracias me cuestion del por que fueron amarillas en lugar de rojas qu putas por qu cuesta ver las seales
505,87112,flores amarillas para stay por si no les han mandado stay 21demarzo floresamarillas straykids pt 1
506,87113,buenos das felizmartesatodos floresamarillas primavera girasol amor pokemon hellokitty pikachu eevee
507,87114,hoy es el diaaaa y ella sabia que el sabia que algun dia pasaria y vendria con sus flores amarillas regalar flores amarillas significa que esa persona quiere pasar la vida contigo como ocurre en floricienta y hoy es el dia radioranchito megustamas floresamarillas
508,87115,y cmo cada primavera l est esperando por m floresamarillas
509,87116,hoy es el da perfecto para decirle lo mucho que la amas y para recibir la primavera regala flores amarillas y algrales la vida floresamarillas arreglosadomicilio regalosoriginales thegooldengifts primavera2023 florescdmx
510,87117,al fin soy protagonista y no espectadora 21demarzo floresamarillas
511,87118,apoco hoy se dan las flores amarillas floresamarillas
512,87119,saban que en mxico hoy es da para regalar flores amarillas 21demarzo floresamarillas
513,87120,21demarzo primavera floresamarillas detalles los chicos tambin deberan recibir sus flores amarillas yo ya le mand las suyas al chico que me gusta
514,87121,ac estn tus flores amarillas amorcito floresamarillas
515,87122,amigos si me me llegaron mis primeras flores amarillas y me las vino a dejar mi mejor amigo que suerte la ma floresamarillas 21demarzo mejoramigo
516,87123,no se quien chucha en la oficina puso o escuche la cancion floresamarillas de floricienta ahora estoy pegado con el tema por la conchetumare
517,87124,siempre llega el chico que te llena de flores y de alegra la vida no se conformen con menos floresamarillas 21demarzo
518,87125,por qu hoy se regalan flores amarillas en mxico conoce ms mxico floresamarillas mxico primavera dasfestivos
519,87126,que bonita boleyncita a donde vas tan peinadita a la chinga de la semanita ok ndale pues a darle que es mole de olla hoy andamos regalando y recibiendo flores amarillas floresamarillas 21demarzo primavera2023
520,87127,ya te regalaron tus flores amarillas hoy es 21 de marzo floresamarillas 21demarzo viral
521,87128,listas las floresamarillas para tu pareja aqu te decimos el por qu de esta nueva tendencia
522,87129,i can buy myself flowers s yo me regal mis flores amarillas floresamarillas
523,87130,si las recib 21demarzo floresamarillas
524,87131,hola mutid locas buenos das estas florecitas amarillas son para uds ustedes son mis noviecitas virtuales las tequeme stankpop stantwt army stay floresamarillas
525,87132,te mereces esto y ms mi amor floricienta floresamarillas
526,87133,aqui tienen su ramo de floresamarillas para alegrarles el dia con mucho cario 21 03 23
527,87134,por qu regalar floresamarillas hoy 21 de marzo qu significa dar un gran detalle cmo un ramito aqu te lo decimos
528,87135,por si no les llegan floresamarillas goodvibesonly
529,87136,a mi si me dieron mis floresamarillas
530,87137,para ustedes quienes vean esto flores floresamarillas
531,87138,hoy es el mame de las floresamarillas y un buen pretexto para cantar floricienta con todo el equipo de marketing equisde
532,87139,ya que hoy se regalan flores amarillas pues que mejor regalo que una foto de la seora anagabrielrl vestida de amarillo si ella es la flor mas bonita de todas floresamarillas flowersday anagabriel
533,87140,si llegaron banda ya no soy espectadora floresamarillas floricienta
534,87141,buenos das menos a la primavera porque en este pueblo siempre tengo fro alguien se sabe el ig de benito pa felicitarlo marzo primavera benitojurez floresamarillas edomex toluca
535,87142,21 de marzo da de las flores amarillas floresamarillas 21demarzo desamor amor sad
536,87143,flores amarillas para ti bonita art loveislove illustration artist sketch artwork drawing artsy anime corazon love lgbtq floressmarillas lunes 21demarzo sketch crush floresamarillas amarillas yellow
537,87144,ustedes me ven muy i can buy myself flowers pero en realidad soy ms flores amarillas floresamarillas flowers floricienta
538,87145,voy a jugar simn dice para que mis alumnos me traigan floresamarillas yaaunquesea
539,87146,con estas amigas no voi a tener una linda primavera floresamarillas daaluuhh
540,87147,floresamarillas ms all de la cancin de floricienta este detalle est lleno de grandes significados descbrelos
541,87148,mi nio precioso 21demarzo floresamarillas
542,87149,hola yo si tengo mi flor amarilla floresamarillas primavera
543,87150,feliz 21 kekeys se les quiere mucho mikey mikeylx micchan floresamarillas mxico flower lexobebe
544,87151,en el trabajo con las florcitas amarillas que me regalaron floresamarillas 21demarzo otoo
545,87152,de m para m floresamarillas
546,87153,para ti que te mereces todo floresamarillas
547,87154,tal vez no sean flores de verdad pero el sentimiento es el mismo floresamarillas primavera detalles
548,87155,oigan hoy no publiquen que les darn floresamarillas es que a mi no me darn y me incomoda
549,87156,hoy llega la primavera en los ltimos meses ha sido tendencia en redes sociales como tiktok regalar floresamarillas pero conoces la historia el 21 llega el equinoccio de primavera en el hemisferio norte y se dice que las flores amarillas se regalan a
550,87157,y llegaron las floresamarillas
551,87158,es hoy es hoy floresamarillas
552,87159,las flores amarillas significan vida alegra y energa por eso es comn que las regalen al iniciar la primavera floresamarillas
553,87160,yo tengo mis floresamarillas
554,87161,te regalo unas flores amarillas y en la noche una cogidota aceptas floresamarillas 21demarzo flores
555,87162,acaban de entregar un ramo de floresamarillas frente a mi esto de ser espectador no me gusta
556,87163,manifestando que tods recibamos floresamarillas el 21 de marzo
557,87164,te amo mi amor gracias floresamarillas
558,87165,es hoy es hoy floresamarillas
559,87166,muy buenos das hermosas hoy es 21 de marzo y aqu les dejo sus primeras flores amarillas del da espero reciban muchas mas 21demarzo floresamarillas iniciodelaprimavera
560,87167,sunflowers insertar cancin de floricienta digitalart dibujodigital yukayagami oc sunflower girasol floresamarillas snk furry furryart
561,87168,el saba que l saba que algn da pasara que vendra el a buscarlo con sus flores amarillas floresamarillas hyunin hyunjeong el dibujo lo hice de rpido x eso se ve mal echo
562,87169,no pido mucho solo quiero esto para ser feliz en un da como hoy y siempre bts bangtan floresamarillas army army
563,87170,feliz inicio de la primavera floresamarillas primavera
564,87171,maana mi novio y yo no nos vemos pero me dio mis flores amarillas por el 21 de marzo lo amo tanto floresamarillas primavera
565,87172,no soporte floresamarillas
566,87173,perdn mi ignorancia pero que putas de las flores amarilla storytime floresamarillas
567,87174,puedo morir en paz floresamarillas 21demarzo
568,87175,no se uds pero a mi ya me dieron mis flores amarillas 21demarzo floresamarillas
569,87176,en lugar de ir a regalar flores amarillas maana vayan y sobenle las patas floresamarillas
570,87177,tal vez quiz la suerte ha volteado para ac jumbo jumsmso elvatotatuado floresamarillas
571,87178,me cost hacerlas es para jaz que pasara si algn da con tus flores amarillas son girasoles si cuenta no floresamarillas    
572,87179,ya lo pens bien no quiero flores amarillas quiero un terreno floresamarillas
573,87180,que tanto maman con sus flores amarillas comprenselas ustedes cabrons floresamarillas
574,87181,preparando la msica para maana floresamarillas playlist21demarzo
575,87182,y porque esperar un 21 de marzo para regalar floresamarillas si se pueden dar en cualquier otra fecha no sean mamones
576,87183,manifestando flores amarillas para todos maana flores vtubers streamers twitch floresamarillas felizlunes
577,87184,ya casi es 21 de marzo y yo si quiero mis floresamarillas
578,87185,adivinen quien recibi sus flores amarillas 21demarzo floresamarillas
579,87186,este 21demarzo regalar o recibir floresamarillas es un smbolo de amor y prosperidad mis amigas van a tener sus flores
580,87187,ya casi es 21demarzo y yo si quiero mis floresamarillas
581,87188,y maana yo puedo comprarme mis flores amarillas 21demarzo floresamarillas
582,87189,solo para aclarar floresamarillas representa la primavera pero en el hemisferio norte ms especfico argentina y nosotros estamos en el norte
583,87190,alguien de aqu no tendr sus floresamarillas
584,87191,espero maana mis flores amarillas tambin floresamarillas floricienta 21demarzo
585,87192,ella saba que l saba que algn da pasara que vendra a buscarla con sus flores amarillas floresamarillas primaverabonita sunflower
586,87193,si quieres a alguien de verdad regalale tu tiempo y tu amor las acciones perduran ms que unas flores amarillas esas se marchitan floresamarillas frases
587,87194,flores amarillas no tienes twitter as que a ver si te enteras floresamarillas flores nadiedicenada
588,87195,alv ahora quiero mis flores amarillas pero please que no sean girasoles me cagan jajajaajaja floresamarillas 21marzo
589,87196,yo maana esperando que alguien me de flores amarillas fly parati foryou viral 21demarzo floresamarillas
590,87197,maana ser otra da mas siendo espectador y no protagonista floresamarillas
